[
    {
        "id": "62a3f587102e921da1253d32",
        "name": "House Down Payment",
        "targetAmount": 100000,
        "targetDate": "2025-01-08T05:00:00Z",
        "balance": 73501.82,
        "created": "2022-06-11T01:53:10.857Z",
        "transactionIds": null,
        "tagIds": null,
        "userId": "62a29c15f4605c4c9fa7f306",
        "icon": "🏡"
    },
    {
        "id": "62a3f5e0102e921da1253d33",
        "name": "Tesla Model Y",
        "targetAmount": 60000,
        "targetDate": "2022-09-01T04:00:00Z",
        "balance": 43840.02,
        "created": "2022-06-11T01:54:40.95Z",
        "transactionIds": null,
        "tagIds": null,
        "userId": "62a29c15f4605c4c9fa7f306",
        "icon": null
    },
    {
        "id": "62a3f62e102e921da1253d34",
        "name": "Trip to London",
        "targetAmount": 3500,
        "targetDate": "2022-08-02T04:00:00Z",
        "balance": 753.89,
        "created": "2022-06-11T01:55:58.236Z",
        "transactionIds": null,
        "tagIds": null,
        "userId": "62a29c15f4605c4c9fa7f306",
        "icon": null
    },
    {
        "id": "62a61945fa15f1cd18516a5f",
        "name": "Trip to NYC",
        "targetAmount": 800,
        "targetDate": "2023-12-10T05:00:00Z",
        "balance": 0,
        "created": "2022-06-12T16:57:45.668Z",
        "transactionIds": null,
        "tagIds": null,
        "userId": "62a29c15f4605c4c9fa7f306",
        "icon": null
    }
]